Wall time,Step,Value
1732382921.6502354,10000,2.0
1732418505.489057,20000,24.0
1732436703.093199,30000,25.66666603088379
1732460800.964443,40000,33.33333206176758
1732480461.533112,50000,85.33333587646484
1732516123.7623334,60000,9.0
1732550284.6704469,70000,119.33333587646484
