Wall time,Step,Value
1732230456.127871,10000,1.0
1732251291.7525866,20000,10.0
1732276257.4968243,30000,19.0
1732297071.6992173,40000,17.0
1732331739.333499,50000,9.0
1732362340.2006536,60000,18.0
1732386151.0831492,70000,15.0
