Wall time,Step,Value
1732199239.985399,10000,4.666666507720947
1732224787.5429332,20000,14.666666984558105
1732242994.5965185,30000,17.0
1732257582.7769766,40000,19.0
1732281802.3203776,50000,18.66666603088379
1732313365.0294135,60000,17.0
1732343697.299838,70000,17.0
1732371237.2885926,80000,18.0
