Wall time,Step,Value
1732383779.0070934,10000,3.0
1732405241.8838696,20000,0.0
1732427357.6413527,30000,1.0
1732448834.4941936,40000,12.0
1732477631.920774,50000,9.0
1732501261.138747,60000,21.66666603088379
1732534618.4471986,70000,23.0
