duration,episode,episode_reward,step
9.653091669082642,21.0,6.0,10500
9.300750017166138,22.0,14.0,11000
9.912781238555908,23.0,11.0,11500
