Wall time,Step,Value
1732383793.1387103,10000,1.0
1732403479.050685,20000,10.0
1732425799.235069,30000,5.0
1732445492.082016,40000,17.0
1732459832.267692,50000,17.0
1732474217.8231406,60000,3.0
1732493522.975382,70000,18.0
1732512170.555196,80000,20.0
1732535173.2833967,90000,16.0
