Wall time,Step,Value
1732199064.196982,10000,1.0
1732220566.3598628,20000,18.0
1732237733.883554,30000,15.0
1732252179.1019495,40000,7.0
1732266883.560034,50000,18.0
1732280464.1234648,60000,18.0
1732293996.812993,70000,19.0
1732307213.8287473,80000,20.33333396911621
1732324629.04408,90000,20.66666603088379
1732346545.463104,100000,19.0
1732361980.9764907,110000,26.0
