Wall time,Step,Value
1732230864.7839994,10000,3.0
1732245083.537463,20000,13.0
1732258428.8319385,30000,16.0
1732275273.432989,40000,25.66666603088379
1732288310.893108,50000,18.0
1732301703.6380906,60000,19.0
1732320496.7942762,70000,21.66666603088379
1732340025.5526211,80000,21.66666603088379
1732359692.9197538,90000,16.0
1732377357.1969202,100000,14.0
1732393395.765317,110000,11.0
