Wall time,Step,Value
1732383622.7774687,10000,1.0
1732407018.2801247,20000,5.666666507720947
1732428843.2274683,30000,14.0
1732453983.0450113,40000,19.0
1732473353.4853034,50000,26.33333396911621
1732490717.5109885,60000,29.0
1732514849.367307,70000,28.0
1732544738.2031457,80000,37.66666793823242
