Wall time,Step,Value
1732382430.6324565,10000,8.666666984558105
1732399306.6593623,20000,9.0
1732416990.5030825,30000,10.0
1732431085.237916,40000,14.666666984558105
1732443923.8265302,50000,11.0
1732455751.8309827,60000,9.0
1732463700.4688137,70000,13.333333015441895
1732467958.5829926,80000,39.0
1732470916.0036821,90000,28.33333396911621
1732477921.7078214,100000,42.66666793823242
1732488725.5222437,110000,50.33333206176758
1732502100.762766,120000,40.66666793823242
1732515600.44275,130000,27.33333396911621
1732531249.3050516,140000,48.33333206176758
1732554696.7225707,150000,32.0
