Wall time,Step,Value
1732382613.079965,10000,5.0
1732402913.5889697,20000,9.0
1732423469.5888588,30000,16.66666603088379
1732444375.6694567,40000,34.0
1732467622.4147906,50000,29.33333396911621
1732490345.3746157,60000,117.33333587646484
1732514322.3008761,70000,113.33333587646484
1732541563.222274,80000,131.0
