Wall time,Step,Value
1732382725.7114432,10000,4.0
1732401205.5295458,20000,10.0
1732419194.5106952,30000,32.66666793823242
1732431450.4897864,40000,114.66666412353516
1732441829.5880501,50000,165.0
1732452855.1663394,60000,149.0
1732463864.340138,70000,73.66666412353516
1732487453.065771,80000,149.3333282470703
1732523052.816569,90000,97.0
1732540992.1295059,100000,112.33333587646484
1732552760.1466115,110000,137.6666717529297
