Wall time,Step,Value
1732383303.6367767,10000,4.0
1732399027.4748542,20000,14.666666984558105
1732416217.6860082,30000,47.33333206176758
1732433349.7160425,40000,27.66666603088379
1732449341.8296394,50000,46.33333206176758
1732466926.1418061,60000,45.33333206176758
1732480711.1750534,70000,43.33333206176758
1732505838.0116882,80000,54.66666793823242
1732528657.7564678,90000,38.33333206176758
1732546657.0520933,100000,37.0
